,id,timestamp,queue_delay_port_137,number_of_packets_for_average_port_137,queue_delay_port_136,number_of_packets_for_average_port_136
0,3,819818978586712,3398887622,2,0,0
1,4,819819332064915,4149142388,2,0,0
2,4,819819683084983,562006222,2,0,0
3,5,819820038157875,1264038435,2,0,0
4,5,819820396959331,1974050156,2,0,0
5,6,819820746960803,2692025004,2,0,0
6,6,819821097931306,3392045250,2,0,0
7,7,819821455890360,4094057596,2,0,0
8,7,819821811220152,515082274,2,0,0
9,8,819822162913893,1225623379,2,0,0
10,8,819822516897341,1929032405,2,0,0
11,9,819822872021401,2637043209,2,0,0
12,9,819823222035109,3347044935,2,0,0
13,10,819823580936211,4047008179,2,0,0
14,10,819823931924084,470109179,2,0,0
15,11,819824281930924,1172085340,2,0,0
16,11,819824640929158,1872085189,2,0,0
17,12,819824996227735,2590082297,2,0,0
18,12,819825355052210,3300681102,2,0,0
19,13,819825705955896,4018069530,2,0,0
20,13,819826060942169,425110283,2,0,0
21,14,819826407944829,1135104247,2,0,0
22,14,819826758919184,1829104510,2,0,0
23,15,819827113938136,2531109537,2,0,0
24,15,819827461944001,3241110797,2,0,0
25,16,819827814903789,3937103421,2,0,0
26,16,819828174225527,348131692,2,0,0
27,17,819828526902026,1066623499,2,0,0
28,17,819828878935970,1772098153,2,0,0
29,18,819829237871878,2476142630,2,0,0
30,18,819829596965170,3194060357,2,0,0
31,19,819829948954270,3912135299,2,0,0
32,19,819830297896908,321200846,2,0,0
33,20,819830644929847,1019138927,2,0,0
34,20,819830999896275,1713176215,2,0,0
35,21,819831354212016,2423124611,2,0,0
36,21,819831713931195,3131751735,2,0,0
37,22,819832073092830,3851207030,2,0,0
38,22,819832431968727,274226572,2,0,0
39,23,819832790971855,992247477,2,0,0
40,23,819833146968721,1710244221,2,0,0
41,24,819833501949374,2422201896,2,0,0
42,24,819833853158180,3132200009,2,0,0
43,25,819834206987202,3834278771,2,0,0
44,25,819834562277707,247292690,2,0,0
45,26,819834915941213,957816072,2,0,0
46,26,819835267983969,1665208465,2,0,0
47,27,819835623059114,2369248330,2,0,0
48,27,819835975935148,3079271749,2,0,0
49,28,819836330961599,3785203298,2,0,0
50,28,819836685978410,200264464,2,0,0
51,29,819837040947317,910277288,2,0,0
52,29,819837391929143,1620278476,2,0,0
53,30,819837750317756,2322276665,2,0,0
54,30,819838102987247,3038896130,2,0,0
55,31,819838454962199,3744256127,2,0,0
56,31,819838809922475,153254806,2,0,0
57,32,819839164917066,863288297,2,0,0
58,32,819839514954046,1573259520,2,0,0
59,33,819839868943093,2273291643,2,0,0
60,33,819840219991962,2981294863,2,0,0
61,34,819840571972549,3683327938,2,0,0
62,34,819840943357979,92314406,2,0,0
63,35,819841299973433,834865553,2,0,0
64,35,819841650945767,1548371894,2,0,0
65,36,819842006016108,2250310337,2,0,0
66,36,819842363969151,2960353604,2,0,0
67,37,819842723234527,3676335129,2,0,0
68,37,819843078970745,101007395,2,0,0
69,38,819843434062884,811390559,2,0,0
70,38,819843788044835,1521382089,2,0,0
71,39,819844139354874,2229343349,2,0,0
72,39,819844491198346,2931939648,2,0,0
73,40,819844838035614,3635452001,2,0,0
74,40,819845185060292,34374049,2,0,0
75,41,819845532942274,728383443,2,0,0
76,41,819845893927338,1424379857,2,0,0
77,42,819846246944346,893460235,102,54036,100
78,42,819846602991591,3963634835,142,51790,96
79,43,819846964046132,1439573378,152,12425,23
80,43,819847315255934,576065896,142,30706,57
81,44,819847675168554,1681699805,147,49059,91
82,44,819848033965612,3511556376,137,6501,12
83,45,819848388949268,3890439290,122,20547,38
84,45,819848741946526,3609368709,182,15619,29
85,46,819849091932895,1075026806,127,14056,26
86,46,819849451844527,1633562960,132,45267,84
87,47,819849802987209,4174656754,132,70122,130
88,47,819850161854085,623086177,132,70148,130
89,48,819850523072959,1499574949,187,99795,185
90,48,819850876548687,3571405680,177,94353,175
91,49,819851235967897,1684866844,152,80920,150
92,49,819851594984050,3657967991,202,107855,200
93,50,819851955601337,2184470829,172,91657,170
94,50,819852313977441,1295914864,262,140254,260
95,51,819852676176914,2749597404,157,83534,155
96,51,819853035858821,3285650763,287,153698,285
97,52,819853389978208,698298818,182,68494,127
98,52,819853751427949,2527987376,337,49045,91
99,53,819854111907956,2009635579,187,31293,58
100,53,819854464643301,1547938731,177,51218,95
101,54,819854813231766,517800457,137,43135,80
102,54,819855167928859,758409904,142,19447,36
103,55,819855522890621,2636519771,117,16827,31
104,55,819855881921260,50381896,192,43639,81
105,56,819856231864914,1855246084,277,84582,157
106,56,819856590981814,3289553078,297,32900,61
107,57,819856950376337,3997431731,247,32345,60
108,57,819857304135311,738884370,167,36117,67
109,58,819857661142386,2201959303,242,21553,40
110,58,819858012976065,854230901,307,23207,43
111,59,819858368576756,979722912,152,21581,40
112,59,819858726732456,3252629972,262,32875,61
113,60,819859080406467,3666611639,342,46434,86
114,60,819859426710374,478584497,312,115363,214
115,61,819859775739680,1146451985,332,177905,330
116,61,819860121561140,3889435436,337,180630,335
117,62,819860515648232,2989311803,327,175263,325
118,62,819860841984483,2799983002,317,159146,295
119,63,819861196563185,1687585047,312,18866,35
120,63,819861546798894,2071739906,357,107884,200
121,64,819861903911800,2731101376,332,77130,143
122,64,819862251874560,1044543392,297,48511,90
123,65,819862610745767,2442527883,342,130393,242
124,65,819862954288475,4158918264,337,161867,300
125,66,819863308416195,3550608945,277,137502,255
126,66,819863655963841,2743610969,307,36145,67
127,67,819864008532644,1143221304,312,104736,194
128,67,819864360462141,461450137,307,164475,305
129,68,819864717460550,1015343749,287,153906,285
130,68,819865078928215,4002860698,342,162082,300
131,69,819865435811221,1200352825,322,152304,282
132,69,819865790966542,1461230946,282,151241,280
133,70,819866149164141,3050913428,197,105466,195
134,70,819866505374385,2619058560,262,140405,260
135,71,819866864935507,2561260011,237,126961,235
136,71,819867220667137,545352327,247,79509,147
137,72,819867574999377,3480843973,162,41142,76
138,72,819867928909735,680294603,207,32962,61
139,73,819868291196446,1157924292,337,42613,79
140,73,819868639012934,637096557,217,19438,36
141,74,819868993056548,3659746217,292,18380,34
142,74,819869352105708,1888909178,332,178111,330
143,75,819869706107300,2389196217,332,178061,330
144,75,819870061762610,1018102911,342,183457,340
145,76,819870419770075,1045333777,347,186060,345
146,76,819870772098262,1162889050,202,107804,200
147,77,819871131026565,2200261762,147,78157,145
148,77,819871493365948,4156183348,347,185944,345
149,78,819871850517677,2168509781,277,148190,275
150,78,819872206236815,2864157200,242,129365,240
151,79,819872555614909,491316810,297,159032,295
152,79,819872908245092,413708671,312,149320,277
153,80,819873263071467,999211701,347,112702,209
154,80,819873610421638,3259636941,202,29696,55
155,81,819873963318166,2263527129,242,22137,41
156,81,819874315906738,4265958384,187,12932,24
157,82,819874670952962,577693002,347,63101,117
158,82,819875027946029,2526488313,327,40983,76
159,83,819875377978193,4139666163,147,25914,48
160,83,819875735191888,500720935,287,29094,54
161,84,819876086275768,1055473224,177,86266,160
162,84,819876444491895,1224709881,222,118627,220
163,85,819876792966383,72044745,282,150995,280
164,85,819877140091835,1109352043,137,73062,135
165,86,819877490084143,2622881193,122,65007,120
166,86,819877842075262,655886785,142,75748,140
167,87,819878189076783,1880663384,132,70375,130
168,87,819878544510850,4144412606,187,100043,185
169,88,819878895114307,1481541780,302,161838,300
170,88,819879249103699,3627207764,302,161828,300
171,89,819879606609710,1308777374,322,161101,299
172,89,819879964741732,39023776,292,104581,194
173,90,819880318540411,2174409060,302,121361,225
174,90,819880668739922,3696075952,272,128833,239
175,91,819881021724715,2872253386,337,93313,173
176,91,819881380813137,1121680310,182,53530,99
177,92,819881743166539,2679908611,332,178115,330
178,92,819882105502174,2626465967,317,170031,315
179,93,819882460384093,1027733888,252,134926,250
180,93,819882815862128,14154172,302,161944,300
181,94,819883177806236,1738416501,332,178006,330
182,94,819883534384224,553305439,332,163905,304
183,95,819883885743891,2799001516,192,66920,124
184,95,819884245305294,4274829706,277,141806,263
185,96,819884602775965,1514182140,322,121922,226
186,96,819884959952622,1745380327,237,50220,93
187,97,819885318632511,230252843,257,81343,151
188,97,819885678253524,2226461061,307,164401,305
189,98,819886037862051,644658683,327,175222,325
190,98,819886399895013,682633736,147,78211,145
191,99,819886762636343,4097398114,232,78732,146
192,99,819887121688768,3026569329,237,63159,117
193,100,819887481189149,4120621995,262,140314,260
194,100,819887838960872,1053377051,137,73176,135
195,101,819888193275541,3231986828,237,37395,69
196,101,819888547852515,884001243,267,20049,37
197,102,819888901322619,3849761309,212,23186,43
198,102,819889264832816,46389898,237,34568,64
199,103,819889615138853,199106757,317,40537,75
200,103,819889973879901,1913888818,337,69714,129
201,104,819890328052927,1890489288,337,116057,215
202,104,819890691105273,3237699870,232,124070,230
203,105,819891050014674,1783543249,247,132121,245
204,105,819891402817293,1581996768,327,166727,309
205,106,819891757858286,1425377368,352,68437,127
206,106,819892110384136,1450415878,352,24816,46
207,107,819892464705556,390462615,362,107930,200
208,107,819892826893733,527354107,362,45882,85
209,108,819893180089807,1382494332,297,50731,94
210,108,819893539039471,827455603,287,110227,204
211,109,819893894041006,4141428079,272,145918,270
212,109,819894252967663,3819578633,212,113611,210
213,110,819894612178180,3392138097,152,81283,150
214,110,819894966978756,2994546019,127,59019,109
215,111,819895325025546,1594869718,152,45499,84
216,111,819895683786092,2254634860,342,50292,93
217,112,819896035254583,1248449786,272,25419,47
218,112,819896385843010,922417196,242,41107,76
219,113,819896748767660,2994018635,282,40533,75
220,113,819897097646646,3117222126,337,181019,335
221,114,819897458886417,3546251444,247,132379,245
222,114,819897818076992,3494657252,292,156806,290
223,115,819898167750364,4166158512,257,67464,125
224,115,819898522995359,1423064102,207,102592,190
225,116,819898875949002,3560547983,142,75494,140
226,116,819899235027219,2277381818,132,70151,130
227,117,819899589977931,1663037524,227,121284,225
228,117,819899944749603,337673939,267,143178,265
229,118,819900292099045,1740789382,167,88969,165
230,118,819900648184173,4266471789,202,107872,200
231,119,819900998793719,1197254832,312,167236,310
232,119,819901361910540,3560028263,147,78218,145
233,120,819901725295939,4192105102,127,67730,125
234,120,819902078227833,2976829597,187,99761,185
235,121,819902429952160,965927004,337,180873,335
236,121,819902789407829,3354296449,347,48036,89
237,122,819903139488204,2555289848,212,29660,55
238,122,819903497551848,157840386,222,25890,48
239,123,819903858969348,3096464591,257,61650,114
240,123,819904214927623,2109177718,272,145665,270
241,124,819904570929439,2293503790,307,164645,305
242,124,819904924337600,1293715110,352,188635,350
243,125,819905267701309,3129865245,337,180552,335
244,125,819905622392910,1378313664,262,140274,260
245,126,819905974780237,486763113,317,169851,315
246,126,819906327946401,3990328642,237,126988,235
247,127,819906695129800,2636331219,177,94375,175
248,127,819907049833308,1329464550,347,186124,345
249,128,819907406013561,2881496607,282,151203,280
250,128,819907760253968,2185576650,292,35670,66
251,129,819908115943982,3866369786,207,42597,79
252,129,819908477376690,3861055041,262,65809,122
253,130,819908831059924,2648367723,252,24824,46
254,130,819909187976865,4192843333,207,60919,113
255,131,819909546225350,157859797,337,180644,335
256,131,819909906749328,1019771015,252,134828,250
257,132,819910268127246,3253817836,362,194048,360
258,132,819910620960253,3101922416,252,134844,250
259,133,819910981325687,2759354049,182,72761,135
260,133,819911340573957,2478633628,322,79813,148
261,134,819911703818899,2053246539,252,39381,73
262,134,819912060812111,59436742,217,41584,77
263,135,819912419986690,354781405,192,22625,42
264,135,819912786320339,2755204667,297,54530,101
265,136,819913145992988,651675683,147,19420,36
266,136,819913500982529,1453690837,137,15632,29
267,137,819913852760142,3002344515,137,23703,44
268,137,819914203978347,2900960521,137,30180,56
269,138,819914563053316,2842504373,167,45825,85
270,138,819914915028037,465703219,307,58211,108
271,139,819915273923502,3757138696,147,44212,82
272,139,819915629566989,309792659,307,164410,305
273,140,819915988114310,3210604759,207,110533,205
274,140,819916347784121,2470719806,332,177908,330
275,141,819916705896764,1840111621,317,169866,315
276,141,819917063773049,750272625,192,102534,190
277,142,819917423186061,3261608933,267,142921,265
278,142,819917780751290,2119575990,232,123950,230
279,143,819918141949542,1363170334,317,122514,227
280,143,819918495125951,2650663810,267,98111,182
281,144,819918854319966,2442392769,127,50760,94
282,144,819919208729366,65558563,142,29092,54
283,145,819919554840115,775204909,287,33446,62
284,145,819919906578663,1312870968,321,52908,98
285,146,819920254218349,693395564,278,110579,205
286,146,819920607832783,1446200409,172,92018,170
287,147,819920967310261,2230878239,202,107917,200
288,147,819921327244835,3091325296,347,185982,345
289,148,819921684041366,2414974933,262,140183,260
290,148,819922040416007,2366592970,267,93289,173
291,149,819922391509202,295678931,292,40409,75
292,149,819922747524382,351263436,222,64679,120
293,150,819923102148840,1259478679,312,66270,123
294,150,819923454189121,4122177697,302,64315,119
295,151,819923815423987,2404271665,322,172758,320
296,151,819924171613586,3759701279,227,121641,225
297,152,819924529326923,2311739978,352,189042,350
298,152,819924880348368,3186694689,312,167354,310
299,153,819925239974799,309232547,222,87569,162
300,153,819925591966956,3042504530,232,42143,78
301,154,819925957341253,1844872934,227,45357,84
302,154,819926311997275,2398954074,137,30866,57
303,155,819926676173355,1968575370,187,16247,30
304,155,819927029283324,2359268760,157,31311,58
305,156,819927378167939,2696080809,207,22720,42
306,156,819927735843930,3900442982,302,23204,43
307,157,819928094131214,943563783,312,26969,50
308,157,819928449371668,824677440,322,148271,275
309,158,819928806924377,4034928335,207,110507,205
310,158,819929157924719,3882250934,237,126771,235
311,159,819929515706391,2611342843,322,172560,320
312,159,819929878966331,3688705935,152,81211,150
313,160,819930238931208,2274407908,147,73120,135
314,160,819930595351932,3998896502,182,91901,170
315,161,819930954838249,2976392212,312,167324,310
316,161,819931304966247,2158449505,147,78513,145
317,162,819931659577270,1857897630,282,151124,280
318,162,819932013790777,76364320,297,99166,184
319,163,819932370033427,4077121470,332,58340,108
320,164,819933080072116,1714668025,172,91685,170
321,164,819933434039736,1586449114,147,47948,89
322,165,819933788258872,1427322988,147,28038,52
323,165,819934143738946,3260290743,297,105067,195
324,166,819934503075395,1152068419,237,126705,235
325,166,819934861108956,3041484687,232,124206,230
326,167,819935215853191,2829223255,292,156438,290
327,167,819935570713579,3463769177,317,169948,315
328,168,819935931275306,1071547344,312,30815,57
329,168,819936280146747,4134496622,267,51925,96
330,169,819936635642988,3753461604,182,8637,16
331,169,819936986321438,3067240278,352,60455,112
332,170,819937341730226,2894869188,332,31883,59
333,170,819937692998720,3852216074,292,26938,50
334,171,819938054741726,2602784352,337,51185,95
335,171,819938417715913,1405719920,317,43112,80
336,172,819938765947046,1864443440,182,27558,51
337,172,819939124955945,3940616832,132,11902,22
338,173,819939481359599,3310397090,312,162330,301
339,173,819939831978884,1380464910,232,104695,194
340,174,819940190915834,3431102356,222,118553,220
341,174,819940541950858,2003988339,222,118763,220
342,175,819940894611380,2250157892,292,156655,290
343,175,819941249333595,1776551663,327,123711,229
344,176,819941613837567,2221668924,187,57316,106
345,176,819941968990328,2111024203,182,97305,180
346,177,819942332414235,2382589148,252,135044,250
347,177,819942684109341,941048326,302,97727,181
348,178,819943035570914,3084850122,312,51764,96
349,178,819943387834110,3146137182,312,68648,127
350,179,819943746931835,1495552279,162,41082,76
351,179,819944104975847,862748334,137,22247,41
352,180,819944467051670,587137672,142,18383,34
353,180,819944832785570,143283831,322,29141,54
354,181,819945190879193,697896333,322,52967,98
355,181,819945553108550,4115534557,302,140922,261
356,182,819945917271825,3633941455,332,178236,330
357,182,819946267517113,917353873,282,151281,280
358,183,819946622463373,4079137751,167,89233,165
359,183,819946979983291,1859123382,147,78424,145
360,184,819947338840162,501715094,152,81118,150
361,184,819947697606016,244548142,292,126378,234
362,185,819948056124324,3001098502,317,122512,227
363,185,819948410929832,25184600,327,80379,149
364,186,819948771957209,3733313311,317,111599,207
365,186,819949130950630,3977765566,302,86244,160
366,187,819949485860904,1691846713,292,93764,174
367,187,819949838378676,2915781077,342,55018,102
368,188,819950188959703,77922372,317,123510,229
369,188,819950542184993,3931621390,287,153852,285
370,189,819950893949408,363444674,322,142887,265
371,189,819951250997804,754864498,262,40458,75
372,190,819951611961286,142571870,252,23199,43
373,190,819951974168731,1351487509,307,64143,119
374,191,819952335980120,3836786388,357,188669,350
375,191,819952690424991,315875169,347,186002,345
376,192,819953047534830,2345654577,362,194008,360
377,192,819953403864208,681286174,302,161863,300
378,193,819953763090422,3452193442,342,183475,340
379,193,819954127294004,3760124064,257,137589,255
380,194,819954487017137,4204948990,277,148350,275
381,194,819954841147987,438868545,312,167195,310
382,195,819955196714161,3957655259,257,126674,235
383,195,819955553936076,4217743362,327,83530,155
384,196,819956267311358,2297325158,232,84649,157
385,197,819956619103768,4144412816,312,167151,310
386,197,819956975867919,1078603988,232,123950,230
387,198,819957324142548,2969562793,167,88941,165
388,198,819957678998676,3066663684,142,75397,140
389,199,819958039678596,951878541,337,180631,335
390,199,819958394556084,880101131,162,86286,160
391,200,819958747809330,3511568540,207,110605,205
392,200,819959107828143,3730598362,287,153641,285
393,201,819959460127848,1741297058,127,67470,125
394,201,819959821140188,3074475424,187,99774,185
395,202,819960174538577,3003287210,342,183312,340
396,202,819960527551235,2463531340,332,177944,330
397,203,819960888579133,4117519926,302,161697,300
398,203,819961240124150,1137115506,257,137563,255
399,204,819961595488038,1002862460,322,172652,320
400,204,819961949678289,2977711785,227,121569,225
401,205,819962303919740,3168355452,227,121670,225
402,205,819962664431466,339713840,137,55750,103
403,206,819963018879945,870636119,147,28129,52
404,206,819963373605151,3373561846,287,42717,79
405,207,819963737056352,1341814368,297,151226,280
406,207,819964090700934,3069736062,312,167239,310
407,208,819964449169599,3921777253,207,110605,205
408,208,819964808553401,1735149843,142,75641,140
409,209,819965171036343,2182500094,202,107884,200
410,209,819965531754471,3973905859,287,153706,285
411,210,819965888082645,1568080301,332,177966,330
412,210,819966252068325,2530187574,267,143150,265
413,211,819966606772252,4269869833,147,42185,78
414,211,819966960823138,3831925827,242,34077,63
415,212,819967313833376,1612850695,327,40540,75
416,212,819967668188673,3806960925,337,60967,113
417,213,819968027957589,1262453296,297,123072,228
418,213,819968380621447,832997754,282,150916,280
419,214,819968738938070,2204049863,327,175328,325
420,214,819969103679749,4260300200,287,136539,253
421,215,819969469905040,3330910002,262,123206,228
422,215,819969820952080,1779803809,317,169972,315
423,216,819970175283162,818466158,272,79521,147
424,216,819970528978949,3210593594,282,59407,110
425,217,819970891871671,1769630671,162,23872,44
426,217,819971249910546,962139776,222,28087,52
427,218,819971603990504,90469390,302,29722,55
428,218,819971960392104,3285191267,332,29722,55
429,219,819972315372521,2468151409,312,26424,49
430,219,819972675016485,4107726093,347,16161,30
431,220,819973031305598,2073296910,307,55489,103
432,220,819973392259729,2437523574,297,51828,96
433,221,819973745035127,1771469094,187,29147,54
434,221,819974100086463,478471723,297,45278,84
435,222,819974460739442,3166986083,322,32914,61
436,222,819974814511198,3319662977,312,49134,91
437,223,819975168910967,3757335857,327,67438,125
438,223,819975528022178,1181300569,287,153850,285
439,224,819975891597776,1692493329,332,178226,330
440,224,819976247693941,1590845074,252,134844,250
441,225,819976602120893,986958324,282,43124,80
442,225,819976953713807,273407799,332,54974,102
443,226,819977315229728,1186503360,247,29197,54
444,226,819977665033891,2711952124,202,23737,44
445,227,819978017851386,2384183527,257,73383,136
446,227,819978371692684,3391556208,247,78805,146
447,228,819978722929195,2793849823,202,21565,40
448,228,819979080154843,3519567084,302,72808,135
449,229,819979443543206,2529225092,287,153776,285
450,229,819979813977166,1817255317,252,134840,250
451,230,819980168684026,2945397036,237,126798,235
452,230,819980519773880,3979852753,302,161810,300
453,231,819980875833015,2592432989,302,161990,300
454,231,819981235075447,1185451712,292,156650,290
455,232,819981595671729,585061139,302,52886,98
456,232,819981958398688,1523698675,342,46468,86
457,233,819982316804334,1016591293,197,27103,50
458,233,819982675765741,816201037,342,54529,101
459,234,819983027429779,410853532,257,28672,53
460,234,819983382659910,788089783,292,10781,20
461,235,819983746314155,1673107590,282,49690,92
462,235,819984092698600,2323138393,312,62670,116
463,236,819984452711286,3287025737,352,138331,256
464,236,819984809282557,2469857817,367,196969,365
465,237,819985525247136,1254552704,182,22766,42
466,238,819985880328802,3206349316,232,92019,170
467,238,819986234762711,2528266308,342,183286,340
468,239,819986591162314,2818731056,197,105355,195
469,239,819986951028846,489198411,347,186207,345
470,240,819987305601585,340652830,287,153931,285
471,240,819987660613379,132018268,307,142614,264
472,241,819988026901042,3757964876,222,38359,71
473,241,819988378223168,231372105,127,14056,26
474,242,819988738482786,2762462061,147,11327,21
475,242,819989088846143,1978732796,122,18955,35
476,243,819989440040964,469505925,137,16189,30
477,243,819989794861795,306874048,152,40432,75
478,244,819990144975767,1082838898,142,75611,140
479,244,819990500991188,634499520,132,70288,130
480,245,819990851994769,2828586184,132,70220,130
481,245,819991208098961,839592122,122,64960,120
482,246,819991558409737,2248868488,122,50258,93
483,246,819991920145725,2141215744,207,110571,205
484,247,819992272887693,432292786,262,140166,260
485,247,819992638432701,640100770,262,140129,260
486,248,819992990712816,3906639230,297,159032,295
487,248,819993348182949,3146647738,282,151025,280
488,249,819993703590975,1094052975,297,49074,91
489,249,819994057908358,3905488803,287,16200,30
490,250,819994421605377,4002588794,307,37224,69
491,250,819994775287033,3910640521,347,57718,107
492,251,819995135955369,3871975730,342,28102,52
493,251,819995491203459,3720849055,357,156697,290
494,252,819995850056662,2403877321,232,89678,166
495,252,819996213051017,3607042752,172,9199,17
496,253,819996573068213,3180931687,312,89014,165
497,253,819996927028986,3873333238,182,97095,180
498,254,819997285824426,1001371150,207,110521,205
499,254,819997644867717,2320045975,342,183389,340
500,255,819998004064821,3018261500,337,74430,138
501,255,819998366327738,3681215753,307,60518,112
502,256,819998721698481,2448987008,292,45417,84
503,256,819999076808296,1746959358,277,127528,236
504,257,819999424147972,333518631,187,100235,185
505,257,819999778937907,326176408,292,156732,290
506,258,820000131454571,426132575,187,100148,185
507,258,820000487743389,1958002879,317,170150,315
508,259,820000848692104,313184832,272,145963,270
509,259,820001201122418,3806899389,182,97328,180
510,260,820001558736124,3238480156,347,186346,345
511,260,820001913255990,1520645126,282,92455,171
512,261,820002268865800,1296684794,277,31831,59
513,261,820002624888551,2523438697,317,69058,128
514,262,820002979812427,1031065793,242,28570,53
515,262,820003339041698,2124844751,227,18917,35
516,263,820003694856562,1800319758,297,81486,151
517,263,820004050852930,3173480634,287,153876,285
518,264,820004405991898,538317615,277,148311,275
519,264,820004765059623,3255176044,232,124076,230
520,265,820005129809715,3866072161,262,49618,92
521,265,820005484819821,1803282923,142,16755,31
522,266,820005844893061,1606533988,122,18370,34
523,266,820006202809885,1110897976,137,20478,38
524,267,820006559864750,3379865272,142,22681,42
525,267,820006916822062,4212245434,132,12417,23
526,268,820007279768589,166119966,277,32920,61
527,268,820007635377575,1244271597,187,28065,52
528,269,820007991844670,3255280111,182,36154,67
529,269,820008342089908,2313580223,257,30749,57
530,270,820008700438864,3656759359,352,188648,350
531,270,820009050772438,1510577913,307,164497,305
532,271,820009413136711,645733483,317,79302,147
533,271,820009767529032,3983939724,312,44230,82
534,272,820010117152653,1090900795,287,45262,84
535,272,820010472518209,528431628,342,50144,93
536,273,820010829075460,2975004948,337,69508,129
537,273,820011187522576,2127197049,357,12936,24
538,274,820011548283858,2776855075,292,140217,260
539,274,820011901866524,2622123421,182,97164,180
540,275,820012256924450,3930985325,152,80827,150
541,275,820012608950524,935520161,137,72758,135
542,276,820012968013632,2205519641,137,72859,135
543,276,820013321916188,2864804234,152,80815,150
544,277,820013676985423,302520751,312,116459,216
545,277,820014040273501,3481457629,267,30295,56
546,278,820014391064496,2549525305,322,29133,54
547,278,820014741273985,3177941753,247,72868,135
548,279,820015095590199,2008886641,287,153612,285
549,279,820015455142417,1475828333,272,145847,270
550,280,820015809262360,3994618196,347,186223,345
551,280,820016157605580,2872917216,227,121462,225
552,281,820016510626660,3639584690,332,118100,219
553,281,820016862935966,2597781966,127,21633,40
554,282,820017211200687,2237053999,112,10812,20
555,282,820017562613683,734903970,237,31825,59
556,283,820017915013779,1876559217,302,32925,61
557,283,820018265716684,3675707731,312,55621,103
558,284,820018617271667,2579538851,332,31279,58
559,284,820018964050719,1972261990,322,18351,34
560,285,820019314887637,3151543319,317,31839,59
561,285,820019669141057,1126296157,222,24248,45
562,286,820020019803957,1582548298,302,131551,244
563,286,820020378412388,271440616,157,81595,151
564,287,820020730974168,2268548766,257,71197,132
565,287,820021089921224,1719041660,322,27483,51
566,288,820021448104191,1942744649,262,13491,25
567,288,820021803305380,1864356898,322,50667,94
568,289,820022154213982,3616691515,207,17248,32
569,289,820022511792266,1384148155,322,8135,15
570,290,820022870754652,3686140288,307,54456,101
571,290,820023233199916,2066452791,282,41520,77
572,291,820023585605167,3627010865,347,69084,128
573,291,820024344075424,3946124670,302,55550,103
574,292,820024652765565,67866956,257,137718,255
575,293,820025001536141,3485271539,202,108098,200
576,293,820025352760760,48048061,257,137629,255
577,294,820025707799579,2825909296,342,119880,222
578,294,820026062571016,2081418656,342,62652,116
579,295,820026418637114,4194094860,347,47516,88
580,295,820026773251534,1120435430,222,43758,81
581,296,820027129921870,2287323715,137,27645,51
582,296,820027478178904,3991490483,157,11924,22
583,297,820027825131290,3450927373,322,106436,197
584,297,820028176695420,2568570034,322,172846,320
585,298,820028536157562,3402679001,317,170199,315
586,298,820028886671842,1451489266,347,186379,345
587,299,820029243124586,277068527,177,94817,175
588,299,820029593056427,3104937509,207,110946,205
589,300,820029943969986,2684630934,332,106810,198
590,300,820030294883420,2574916800,337,76040,141
591,301,820030638798942,2164213097,177,18855,35
592,301,820030990929613,3709539063,297,30179,56
593,302,820031345652363,1460367030,202,107913,200
594,302,820031691886909,1236447243,132,70055,130
595,303,820032051341723,2924988868,142,68987,128
596,303,820032398466844,1914260506,332,93220,173
597,304,820032759927179,2192046033,207,26967,50
598,304,820033120085077,2597294127,357,22118,41
599,305,820033483987429,2637875457,152,15091,28
600,305,820033845213065,2932260102,207,28543,53
601,306,820034210559908,1296947033,317,54446,101
602,306,820034567659780,1158698773,302,64713,120
603,307,820034928233588,2483884533,322,54447,101
604,307,820035288801663,644660389,272,110769,205
605,308,820035634220947,1417163555,137,73063,135
606,308,820035988941366,3805289866,147,61711,114
607,309,820036349335069,1486857695,137,25417,47
608,309,820036704814713,3403253133,142,35685,66
609,310,820037059049674,3154075631,147,22722,42
610,310,820037413925694,496086423,157,6494,12
611,311,820037772708242,666591168,247,44816,83
612,311,820038130810572,2578477050,337,78211,145
613,312,820038480663634,731515417,322,52288,97
614,312,820038839735726,1105366261,297,22650,42
615,313,820039188051058,2618176649,212,25436,47
616,313,820039539325508,4173986154,277,50233,93
617,314,820039898896166,3315313964,242,97789,181
618,314,820040245997164,3023968532,197,105506,195
619,315,820040603012429,2430150994,137,73121,135
620,315,820040953894696,3124340756,157,83862,155
621,316,820041316755522,1980790027,342,183683,340
622,316,820041671892200,2846433440,322,57263,106
623,317,820042032195136,1859103564,232,34611,64
624,317,820042391324022,245329053,177,28089,52
625,318,820042749586282,3580466716,172,17791,33
626,318,820043110457574,75864237,307,51779,96
627,319,820043461800246,1319163098,132,36164,67
628,319,820043823608115,72567738,137,72831,135
629,320,820044169912609,2034285159,132,70063,130
630,320,820044530150505,3472576239,147,78237,145
631,321,820044887099944,1799428835,142,75459,140
632,321,820045245944849,1528455870,132,70176,130
633,322,820045601080184,524239100,152,80902,150
634,322,820045951726978,1145599307,322,172546,320
635,323,820046302770056,2684848896,287,153681,285
636,323,820046666019853,1506329059,162,86316,160
637,324,820047015178655,1724471643,242,129386,240
638,324,820047368048440,4094081391,302,161858,300
639,325,820047716118918,1378814302,342,183167,340
640,325,820048066362383,3518503803,332,177897,330
641,326,820048414198949,1735767422,172,70058,130
642,326,820048773284745,1997892413,357,148758,276
643,327,820049129350927,1094240778,342,183262,340
644,327,820049478789841,1985627661,322,172484,320
645,328,820049826660668,1796900848,322,172512,320
646,328,820050181347530,1400730960,372,199400,370
647,329,820050531586230,3995852871,297,159244,295
648,329,820050895431636,1158948696,342,183483,340
649,330,820051257785426,1057226608,312,59421,110
650,330,820051611031585,1164184164,202,44772,83
651,331,820051974811864,2407377243,162,24779,46
652,331,820052329089274,3325437932,342,53909,100
653,332,820052685749991,1946827786,307,36672,68
654,332,820053041239649,937683774,247,41554,77
655,333,820053392832951,842706886,192,33426,62
656,333,820053752179381,1451081105,147,48515,90
657,334,820054111617627,1671247051,282,150898,280
658,334,820054461458933,1861703792,307,164423,305
659,335,820054820054013,1413856501,297,159060,295
660,335,820055174305278,2817403135,312,167255,310
661,336,820055531108549,4022558812,297,159318,295
662,336,820055882044498,3716123460,247,72254,134
663,337,820056236955657,100224100,242,52357,97
664,337,820056593891138,2513236157,262,77124,143
665,338,820056948208176,1195811963,257,27544,51
666,338,820057300685491,3300322832,272,30780,57
667,339,820057654794603,2689092274,322,126848,235
668,339,820058008466337,1882758623,332,178196,330
669,340,820058371887159,3815996913,162,86519,160
670,340,820058726187006,3100511166,142,18477,34
671,341,820059084358730,589274526,242,37239,69
672,341,820059434101708,2946093910,297,42115,78
673,342,820059787690786,2772674107,352,47996,89
674,342,820060141134346,328344450,197,10233,19
675,343,820060497586564,1633144796,357,25895,48
676,343,820060856078755,838409866,302,24313,45
677,344,820061207067412,3258743209,137,23213,43
678,344,820061563738818,910085289,252,29632,55
679,345,820061913377316,3742207682,217,39857,74
680,345,820062265743617,3634098374,332,57121,106
681,346,820062621107693,3369132436,277,82491,153
682,346,820062970670538,2815874273,322,172474,320
683,347,820063329121378,1810244979,272,145535,270
684,347,820063681737044,436289862,247,132026,245
685,348,820064036065064,2583618761,317,169868,315
686,348,820064397602938,3040876026,242,129464,240
687,349,820064755067450,2923761401,312,167186,310
688,349,820065112372270,2384568058,142,75587,140
689,350,820065463103162,2151575376,212,86333,160
690,350,820065818874373,602396046,292,40966,76
691,351,820066170618893,329155682,332,177838,330
692,351,820066531159870,2949810981,307,164437,305
693,352,820066888470057,1766693242,327,145161,269
694,352,820067247595769,3931445500,302,50729,94
695,353,820067612651866,1145099717,347,29148,54
696,353,820067969968287,3777459940,202,23753,44
697,354,820068320822261,2792828999,332,32325,60
698,354,820068685028714,2304582511,262,140141,260
699,355,820069035966501,17009207,287,153590,285
700,355,820069392913553,2698623963,332,177920,330
701,356,820069754783055,1650057384,312,167173,310
702,356,820070113058190,3975441921,327,175197,325
703,357,820070468944270,3758809049,172,91837,170
704,357,820070818358137,2021777609,322,172694,320
705,358,820071171441590,1859732510,197,105287,195
706,358,820071530808501,2923896104,337,180699,335
707,359,820072252882466,1322707390,347,186169,345
708,360,820072606340601,3650861775,192,102591,190
709,360,820072966010264,2806991690,167,76130,141
710,361,820073324943785,3379613106,147,26447,49
711,361,820073687925594,3539175692,137,17330,32
712,362,820074051013258,452482291,142,24335,45
713,362,820074415064170,1442670010,137,28107,52
714,363,820074770301717,3403541588,137,31963,59
715,363,820075125530653,2898024796,142,62200,115
716,364,820075481439300,51444214,137,72980,135
717,364,820075836037691,1605206227,132,70347,130
718,365,820076195010830,818074698,127,67679,125
719,365,820076553925473,3225603866,127,32492,60
720,366,820076911960369,1983182510,147,70801,131
721,366,820077268945338,16649928,132,70180,130
722,367,820077628087774,451482387,152,81141,150
723,367,820077986326270,3449499590,137,73109,135
724,368,820078340985350,3242425125,137,72879,135
725,368,820078692020316,3004873461,142,75425,140
726,369,820079041982082,1792934352,132,70103,130
727,369,820079403981652,1503170325,132,70111,130
728,370,820079762965449,2584929571,127,67435,125
729,370,820080116075946,414210847,147,78114,145
730,371,820080470023389,966364848,122,64744,120
731,371,820080826988383,123308812,137,72773,135
732,372,820081187579722,2695053027,147,78112,145
733,372,820081538136650,3479084162,132,70076,130
734,373,820081893971744,3117067283,137,72771,135
735,373,820082248944490,2207864396,147,78133,145
736,374,820082599841446,666936003,132,70143,130
737,374,820082956915200,1169039629,117,62078,115
738,375,820083306954263,4229750121,132,70111,130
739,375,820083665978703,1703968607,132,70160,130
740,376,820084025057921,370616170,127,58799,109
741,376,820084386443367,2191689817,142,52822,98
742,377,820084738978719,695638859,137,72751,135
743,377,820085096962982,2549361591,137,72764,135
744,378,820085451988549,3624066943,137,72787,135
745,378,820085805070567,2530110258,127,67411,125
746,379,820086156318123,3368335981,122,64787,120
747,379,820086511129413,2452013501,127,67421,125
748,380,820086864171423,4178163134,142,75414,140
749,380,820087227043603,108403416,137,72794,135
750,381,820087577490955,1024825689,122,64771,120
751,381,820087937173767,1413637373,137,72834,135
752,382,820088293037952,4125012263,132,70077,130
753,382,820088650269542,5914731,122,64716,120
754,383,820089009224373,1378046465,137,72822,135
755,383,820089363131140,2600283908,137,72790,135
756,384,820089724395277,2903898754,147,78152,145
757,384,820090083116790,1144848619,132,70101,130
758,385,820090446060750,1776689523,127,67463,125
759,385,820090802415797,934714910,137,72780,135
760,386,820091166214055,147939299,137,72807,135
761,386,820091517276252,1539547644,147,78097,145
762,387,820091868084674,1552709172,127,67460,125
763,387,820092219069408,2038890607,132,70110,130
764,388,820092576792171,2849262213,152,80852,150
765,388,820092928150786,644496319,132,63095,117
766,389,820093279012310,3300700802,137,72753,135
767,389,820093634039257,2822849065,142,64101,119
768,390,820093987363394,3984143236,127,56105,104
769,390,820094343056389,425026435,127,67452,125
770,391,820094697978803,1376834941,127,67422,125
771,391,820095051992579,2360457759,142,75446,140
772,392,820095410762700,3285385528,132,70115,130
773,392,820095771020500,1745165859,132,70053,130
774,393,820096122426804,1406186208,137,72768,135
775,393,820096471076376,904515502,137,72692,135
776,394,820096833066396,631653701,147,78191,145
777,394,820097183706940,2143579731,142,75435,140
778,395,820097543383156,3566254199,137,66310,123
779,395,820097905950891,565823667,137,21547,40
780,396,820098265101238,3530627212,122,17306,32
781,396,820098624023749,1768603797,127,31865,59
782,397,820098987064258,2773924260,147,36112,67
783,397,820099343032040,3232608815,137,58197,108
784,398,820099696118096,1078860280,147,78172,145
785,398,820100052977817,1089544436,147,78205,145
786,399,820100412387579,1583489816,132,70106,130
787,399,820100770105375,2874383677,137,67382,125
788,400,820101129511973,3702204912,142,52238,97
789,400,820101479993301,2316122006,137,51224,95
790,401,820101836021764,4261679285,142,60897,113
791,401,820102192053695,4023598224,122,64763,120
792,402,820102551064245,165307988,132,70094,130
793,402,820102910095155,2990794630,142,75457,140
794,403,820103264984582,3207731972,137,72781,135
795,403,820103628407668,2121938578,137,72755,135
796,404,820103991647862,209394442,142,75499,140
797,404,820104345127127,4209839719,127,67450,125
798,405,820104704171496,3042039170,147,78113,145
799,405,820105063145573,4103520790,142,75445,140
800,406,820105418135890,2382708151,147,78146,145
801,406,820105768973152,44490807,142,75432,140
802,407,820106120023524,3554976908,142,75430,140
803,407,820106475024724,2687188700,132,70079,130
804,408,820106828371159,1276094537,122,64789,120
805,408,820107184977468,969254347,152,80800,150
806,409,820107540016536,2845386560,137,47447,88
807,409,820107900205935,1929342156,142,75453,140
808,410,820108255096535,2825128363,137,72772,135
809,410,820108619827939,3761195414,137,72787,135
810,411,820108977112628,1043758400,142,75462,140
811,411,820109336043649,2398608949,137,72824,135
812,412,820109694430568,1063917045,147,78161,145
813,412,820110048261657,2139276290,132,70098,130
814,413,820110399889420,2719066731,137,72765,135
815,413,820110759040907,3945591588,132,70155,130
816,414,820111110079263,4287912413,142,75464,140
817,414,820111461023329,478726171,132,70091,130
818,415,820111818208831,900121756,137,72773,135
819,415,820112169046934,555304618,137,72745,135
820,416,820112527188091,1815476462,127,67485,125
821,416,820112883226522,4152020569,142,75416,140
822,417,820113236371845,3124039193,132,70138,130
823,417,820113594026621,3148696622,142,75421,140
824,418,820113946935810,3329373053,157,83493,155
825,418,820114295703556,4028318481,137,72793,135
826,419,820114650091966,2148173760,127,67416,125
827,419,820115009045263,4040519914,142,75467,140
828,420,820115359956484,1382464175,142,75442,140
829,420,820115719034940,3216412259,142,75504,140
830,421,820116074037930,3260540441,147,78094,145
831,421,820116429314088,448744201,137,72772,135
832,422,820116784041048,2209741834,132,70073,130
833,422,820117136969121,547350227,127,67419,125
834,423,820117499986658,3084583973,142,75497,140
835,423,820117855018458,1576212879,137,31277,58
836,424,820118216982677,2231141302,127,22651,42
837,424,820118572066454,4278416262,137,35618,66
838,425,820118930996813,909176027,147,26480,49
839,425,820119294473672,2963909185,137,18895,35
840,426,820119653338615,4161726536,137,24250,45
841,426,820120013984723,3539936274,127,43731,81
842,427,820120376973342,3377278129,147,24815,46
843,427,820120740033390,1163506854,137,17250,32
844,428,820121103072091,3695624564,142,44744,83
845,428,820121466320916,4236676430,142,42561,79
846,429,820121819913626,3935706471,137,30182,56
847,429,820122180345045,1267264382,137,18360,34
848,430,820122549936643,2043062504,132,9159,17
849,430,820122904380026,993918346,152,63037,117
850,431,820123260316940,2553401512,137,72774,135
851,431,820123615955298,2366346666,152,80836,150
852,432,820123973671132,3205377639,147,78177,145
853,432,820124327967064,207414862,327,175145,325
854,433,820124690975040,4082184262,187,99769,185
855,433,820125053336169,1083430908,352,188606,350
856,434,820125407830579,3731871417,297,143991,267
857,434,820125762867393,1220062623,247,101896,189
858,435,820126145785083,572312803,297,159071,295
859,435,820126504940442,3034961985,147,78171,145
860,436,820126869343438,1595336057,147,78152,145
861,436,820127218685023,1170506092,137,72767,135
862,437,820127567935448,3843694222,142,25382,47
863,437,820127922620257,1658268883,292,66853,124
864,438,820128283127292,1320742311,352,51721,96
865,438,820128640377242,2837222414,287,52268,97
866,439,820128988026786,3808998515,197,81435,151
867,439,820129348595162,669155568,332,177939,330
868,440,820129703971930,684600324,282,151014,280
869,440,820130062882547,1636273329,162,86301,160
870,441,820130417657161,3648707562,262,140228,260
871,441,820130769940208,4018849985,192,102420,190
872,442,820131128971323,1929399189,127,67503,125
873,442,820131490999426,2542457113,287,153673,285
874,443,820131840574644,375335336,152,80834,150
875,443,820132193606881,2938444303,192,102431,190
876,444,820132550030140,1337387892,242,129488,240
877,444,820132903743105,4074462711,287,153614,285
878,445,820133262674404,674315330,337,180742,335
879,445,820133620603348,2885565073,292,156533,290
880,446,820133975188033,3932658104,342,144582,268
881,446,820134338324073,2180897324,302,115937,215
882,447,820134697067589,4259679344,347,45809,85
883,447,820135050172930,3390294335,262,42558,79
884,448,820135406719640,1931583765,332,113726,211
885,448,820135758026082,2215267297,237,126765,235
886,449,820136116318029,2020132584,317,169925,315
887,449,820136478024273,2276848472,192,102492,190
888,450,820136837092216,3237573047,332,177888,330
889,450,820137192464526,719356508,197,105067,195
890,451,820137547966078,1513003583,307,164382,305
891,451,820137898270689,2609712011,282,151046,280
892,452,820138259995867,2369126979,312,167329,310
893,452,820138624866937,4214815559,332,178200,330
894,453,820138972895086,2460837266,257,120293,223
895,453,820139329864680,3073697956,147,58474,108
896,454,820139692841245,170795270,327,81645,151
897,454,820140048858071,2259280789,337,53445,99
898,455,820140399849959,364293337,167,76841,142
899,455,820140757931267,4194552108,277,148532,275
900,456,820141108927472,3697099806,307,164632,305
901,456,820141460284214,2096198269,207,95538,177
902,457,820141815972777,2229719679,142,75455,140
903,457,820142166664442,2046746835,217,115941,215
904,458,820142525994634,972490364,237,126928,235
905,458,820142884092094,1909497159,287,153731,285
906,459,820143236099377,303866688,207,110839,205
907,459,820143592284800,2017219959,297,159315,295
908,460,820143954525884,2454062260,327,175513,325
909,460,820144312391819,1128001752,302,161905,300
910,461,820144668349629,876222152,322,142339,264
911,461,820145025743293,2554113032,347,182756,339
912,462,820145381064351,573964126,257,128837,239
913,462,820145738666129,4271719383,312,136939,254
914,463,820146094053042,1736697450,237,124668,231
915,463,820146445018349,369933576,227,33519,62
916,464,820146795365983,2730206424,232,91816,170
917,464,820147150224256,3795334085,267,143211,265
918,465,820147505101868,2509173696,242,121012,224
919,465,820147861116261,1497301851,327,94521,175
920,466,820148220822494,657127366,362,32370,60
921,466,820148580127705,2909387820,277,31910,59
922,467,820148940336741,1531987870,214,104191,193
923,467,820149287389830,1094108198,340,181678,337
924,468,820149637970537,2965845305,297,158962,295
925,468,820149991843321,2402094482,327,147685,274
926,469,820150346849854,4061246180,337,109572,203
927,469,820150700898017,948657335,242,129541,240
928,470,820151057178861,2397184131,262,140475,260
929,470,820151417406618,1075192369,132,70394,130
930,471,820151765745269,2690410111,267,143188,265
931,471,820152121122965,2973202134,322,159783,296
932,472,820152474789460,3940103971,282,48089,89
933,472,820152832463809,4288137883,337,87471,162
934,473,820153186130237,3391251804,292,156385,290
935,473,820153547900114,3892720691,332,37793,70
936,474,820154582525693,2786022819,172,34519,64
937,475,820154634093981,1144510210,192,32920,61
938,475,820154996311357,4039595162,357,49615,92
939,476,820155351562201,1718955408,172,78758,146
940,476,820155707132225,772183779,342,183258,340
941,477,820156061575866,78336567,277,135369,251
942,477,820156424880437,3810148568,332,111587,207
943,478,820156785947960,3302806897,332,76098,141
944,478,820157133971746,1575338271,142,19498,36
945,479,820157480330129,3498341686,257,28629,53
946,479,820157840752484,2199706763,307,21622,40
947,480,820158192303050,1986241996,147,58808,109
948,480,820158551899981,666026185,142,75584,140
949,481,820158907992251,1960061469,317,169912,315
950,481,820159262727111,1742748902,322,172579,320
951,482,820159621099242,1223481029,242,129596,240
952,482,820159979798961,532075017,282,128944,239
953,483,820160329657644,2666716915,252,33996,63
954,483,820160688751487,1083558402,332,28069,52
955,484,820161039891700,1738330556,342,58293,108
956,484,820161394700811,1757556566,342,54024,100
957,485,820161752387537,990896900,352,23745,44
958,485,820162108206997,331111563,282,27006,50
959,486,820162465240980,597585690,247,117855,218
960,486,820162820843003,3451927855,147,78554,145
961,487,820163175539744,1962010142,177,94744,175
962,487,820163529919539,413816824,232,124376,230
963,488,820163884328083,920609401,277,148560,275
964,488,820164233440622,3467871432,207,70892,131
965,489,820164584612862,2558501011,322,37243,69
966,489,820164944911195,471114055,272,43209,80
967,490,820165301999859,3534645981,322,10809,20
968,490,820165658030981,3161524264,142,27493,51
969,491,820166008503406,2642960950,207,20501,38
970,491,820166358027369,686860225,312,80309,149
971,492,820166717878430,2338205987,357,143878,267
972,492,820167075453995,1642671808,347,186027,345
973,493,820167441142801,1036401364,337,180649,335
974,493,820167793705487,1758579740,362,194081,360
975,494,820168141106145,4206584365,277,148304,275
976,494,820168500868206,308023816,317,169736,315
977,495,820168848030529,3289531200,272,145624,270
978,495,820169206887008,2965400193,252,134726,250
979,496,820169565859157,1809350726,157,41485,77
980,496,820169926917711,242154865,187,71216,132
981,497,820170288082750,385958571,197,105200,195
982,497,820170645172679,1223942860,292,156464,290
983,498,820171004414675,3598489624,267,143052,265
984,498,820171364763475,2644652993,322,172672,320
985,499,820171721190002,305889485,317,169926,315
986,499,820172074580541,343908060,362,194057,360
987,500,820172433049539,1564714981,332,177953,330
988,500,820172782579743,1837053541,332,177906,330
989,501,820173140634503,4252260030,307,155738,289
990,501,820173498406217,1827479191,347,181040,336
991,502,820173863741096,2120465012,302,42028,78
992,502,820174217166821,2219791501,287,28590,53
993,503,820174574025697,3640251111,142,9157,17
994,503,820174928896833,3945637016,142,56125,104
995,504,820175287734239,892553805,187,99704,185
996,504,820175645329140,2816776398,262,122843,228
997,505,820175999901904,677097328,147,33448,62
998,505,820176354926023,155110457,147,21009,39
999,506,820176713235084,2114928370,352,99195,184
1000,506,820177077119219,4278068275,157,46911,87
1001,507,820177432150598,723671671,132,70152,130
1002,507,820177783057781,2484727052,252,134835,250
1003,508,820178136572070,3929162592,362,194063,360
1004,508,820178498821004,628492952,337,147899,274
1005,509,820178856922596,371895951,332,178157,330
1006,509,820179219135617,98796170,242,129613,240
1007,510,820179573183287,768880311,252,134884,250
1008,510,820179931874528,539784954,277,148198,275
1009,511,820180286766614,708363222,297,158966,295
1010,511,820180640186929,3108641820,257,137468,255
1011,512,820180993265050,2296074715,137,42559,79
1012,512,820181348957646,1817936980,222,34517,64
1013,513,820181700040293,1096490144,212,45256,84
1014,513,820182054273209,4104771652,327,55548,103
1015,514,820182406838960,1093442891,332,46373,86
1016,514,820182757793731,3646552641,187,21666,40
1017,515,820183117461712,565376102,357,37731,70
1018,515,820183470167411,3001460344,242,41601,77
1019,516,820183829936535,3721111458,202,97378,180
1020,516,820184184860626,2520066173,142,75712,140
1021,517,820184538098741,112302734,127,59033,109
1022,517,820184890692222,1146515731,252,31887,59
1023,518,820185241847104,2603099360,347,58312,108
1024,518,820185594142931,2827337914,177,15791,29
1025,519,820185944751929,3758815465,347,49743,92
1026,519,820186299414787,611340289,142,22259,41
1027,520,820186661797019,1758302155,277,148609,275
1028,520,820187014796655,2067142475,217,116042,215
1029,521,820187370033392,1211669333,167,89065,165
1030,521,820187733299630,4088887588,182,97134,180
1031,522,820188095684375,4106121978,287,153646,285
1032,522,820188458955287,948751091,177,83317,154
1033,523,820188812546415,2150036476,142,65460,121
1034,523,820189172930011,3774265089,192,23821,44
1035,524,820189530559223,215305387,332,62054,115
1036,524,820189886823777,2687211847,322,57725,107
1037,525,820190240936799,122674005,232,55079,102
1038,525,820190596898991,2997319056,307,40485,75
1039,526,820190951544170,1792292037,222,18889,35
1040,526,820191308970944,3171558519,307,37739,70
1041,527,820191671947603,3510053673,237,126678,235
1042,527,820192027160099,855753731,207,110591,205
1043,528,820192380291605,1386061391,252,134775,250
1044,528,820192735372756,3970823274,247,132052,245
1045,529,820193088100465,2879808351,147,78234,145
1046,529,820193435052449,516365285,362,170251,316
1047,530,820193780669785,1483688695,337,35587,66
1048,530,820194137866989,2976796120,352,16201,30
1049,531,820194487367908,1484318854,332,145020,269
1050,531,820194839872266,3291857204,172,91955,170
1051,532,820195192048185,2559781360,137,73164,135
1052,532,820195548963198,3262441765,137,73176,135
1053,533,820195908281569,218922699,242,129730,240
1054,533,820196271992053,250922631,332,178173,330
1055,534,820196629818868,285002057,342,133385,247
1056,534,820196985894412,2338033395,252,22108,41
1057,535,820197343506527,92916987,207,29683,55
1058,535,820197708552685,3597264947,297,154736,287
1059,536,820198070934259,1022750858,307,164491,305
1060,536,820198434124254,1422402145,157,83604,155
1061,537,820198782416869,2399342648,287,153689,285
1062,537,820199141868835,2434729092,322,172433,320
1063,538,820199502780923,661005042,302,161679,300
1064,538,820199859482590,382430833,282,151058,280
1065,539,820200220505446,1721596317,302,162123,300
1066,539,820200579746283,1322405325,167,89291,165
1067,540,820200937963845,3953186129,182,97374,180
1068,540,820201300486912,762522663,326,175454,325
1069,541,820201650334099,3956602126,238,59467,110
1070,541,820202006940966,1054443934,327,148390,275
1071,542,820202363074023,2704501261,332,178192,330
1072,542,820202714244075,571499144,187,99995,185
1073,543,820203070024299,2530587604,152,81139,150
1074,543,820203429093102,3061303514,137,73063,135
1075,544,820203782880257,4198095777,307,164685,305
1076,544,820204130799918,1117906636,357,191641,355
1077,545,820204488601804,750173786,362,194398,360
1078,545,820204852180445,2820119695,347,186222,345
1079,546,820205196626212,1902189979,332,178141,330
1080,546,820205549934204,1595716615,332,178255,330
1081,547,820205911741806,4220879393,342,183517,340
1082,547,820206266491985,3805931291,357,191472,355
1083,548,820206626683860,697690918,352,188657,350
1084,548,820206981202304,230291000,357,191263,355
1085,549,820207342403697,3646137038,187,81943,152
1086,549,820207703132922,3084251160,132,65787,122
1087,550,820208066092517,475091154,142,75502,140
1088,550,820208429409965,2981520663,147,78146,145
1089,551,820208784876739,364459217,147,78110,145
1090,551,820209144059093,1086719097,147,78153,145
1091,552,820209503098909,201311373,137,64166,119
1092,552,820209859068306,3879583959,137,33397,62
1093,553,820210213015931,393477393,167,35563,66
1094,553,820210569765047,3837820678,137,22121,41
1095,554,820210924733427,800704967,227,57154,106
1096,554,820211287995449,466199982,272,44229,82
1097,555,820211643071782,358867395,257,129898,241
1098,555,820211999509910,1156688725,167,88913,165
1099,556,820212364373799,985438159,272,145583,270
1100,556,820212716642561,2571488597,287,153714,285
1101,557,820213074633030,3101578916,282,110599,205
1102,557,820213434244417,2546962378,352,78724,146
1103,558,820213790727307,918347113,352,49083,91
1104,558,820214145078975,2875372360,337,53372,99
1105,559,820214506777320,2452401331,322,22099,41
1106,559,820214864954986,2042229208,232,38298,71
1107,560,820215228344312,870453999,137,18357,34
1108,560,820215587339461,2012566352,227,36143,67
1109,561,820215939138741,32147857,332,99205,184
1110,561,820216289519064,3753622156,347,186030,345
1111,562,820216640616888,4000823073,252,134770,250
1112,562,820216995856751,690958504,142,70618,131
1113,563,820217350735856,4139280069,147,31838,59
1114,563,820217710653724,2090997157,342,70647,131
1115,564,820218063734713,1051390808,277,143473,266
1116,564,820218415341436,2593089999,277,148267,275
1117,565,820218774634929,412417724,212,113212,210
1118,565,820219131908063,2829341920,272,145611,270
1119,566,820219491861075,3331085606,262,140146,260
1120,566,820219855708722,702479642,262,140289,260
1121,567,820220211745226,3894931989,327,175212,325
1122,567,820220567387754,1314278108,262,140076,260
1123,568,820220930281725,2520837468,347,186067,345
1124,568,820221290082325,271683328,227,121587,225
1125,569,820221647334033,494428465,147,53631,99
1126,569,820221997975034,3314994116,142,28188,52
1127,570,820222354085747,2646485858,137,18422,34
1128,570,820222711095049,3514400414,222,31961,59
1129,571,820223064518020,973586266,327,31911,59
1130,571,820223418452455,2781885008,322,109451,203
1131,572,820223770862964,3002227271,317,169838,315
1132,572,820224132888092,108856493,142,75540,140
1133,573,820224485982827,197008545,132,70198,130
1134,573,820224845674602,1320272843,192,102382,190
1135,574,820225208991779,3395622083,277,148398,275
1136,574,820225569735759,1242079191,352,188947,350
1137,575,820225919600044,4282239862,262,51355,95
1138,575,820226264616476,420806489,272,25960,48
1139,576,820226620946029,1613986412,337,68567,127
1140,576,820226977662932,2959964609,367,69600,129
1141,577,820227340611504,215118254,312,42659,79
1142,577,820227695880679,3330761643,332,83068,154
1143,579,820228765110587,1825930701,332,177839,330
1144,579,820229115743068,3919775110,312,167308,310
1145,580,820229474132349,2183293728,332,178163,330
1146,580,820229825219040,1051806529,232,62252,115
1147,581,820230179028073,2015780729,217,20064,37
1148,581,820230531067266,1649797420,237,22197,41
1149,582,820230890877199,3088881014,342,56617,105
1150,582,820231251841814,1477610387,237,23701,44
1151,583,820231604620604,4138835543,332,23215,43
1152,583,820231957519276,1879640726,342,25321,47
1153,584,820232314095879,77578403,282,27487,51
1154,584,820232669550556,3497174550,197,31808,59
1155,585,820233022830637,2447484846,327,45819,85
1156,585,820233377698375,1619105046,347,145483,270
1157,586,820233736982660,1782176432,292,156383,290
1158,586,820234101296460,1127182651,322,172601,320
1159,587,820234454852263,246082537,352,167638,311
1160,587,820234819057732,195469690,357,80333,149
1161,588,820235171021579,1929283029,342,101950,189
1162,588,820235531980997,3885307276,302,161862,300
1163,589,820235883758385,2604618774,212,113498,210
1164,589,820236242785148,4146799158,347,186261,345
1165,590,820236605062774,1990386354,357,129044,239
1166,590,820236958363979,2773055384,332,25329,47
1167,591,820237313580767,3060589074,332,24284,45
1168,591,820237672285854,2860139745,227,53349,99
1169,592,820238028403732,2996450654,337,34533,64
1170,592,820238391937425,3136819823,252,37805,70
1171,593,820238749858652,2745492348,142,11368,21
1172,593,820239106817147,1473355966,287,19963,37
1173,594,820239469955518,2684111221,212,76631,142
1174,594,820239830412855,702397173,342,183489,340
1175,595,820240175430232,2317681792,322,162974,302
1176,595,820240528195596,3724887724,237,36705,68
1177,596,820240890588743,1517947450,347,43237,80
1178,596,820241244174840,2293877057,307,21022,39
1179,597,820241605067216,2332540177,152,18887,35
1180,597,820241955990429,1308714043,197,29146,54
1181,598,820242315100097,2659404199,337,28613,53
1182,598,820242669891522,2712564389,337,23216,43
1183,599,820243024906643,1322162588,342,89161,165
1184,599,820243386649438,3101308552,342,183720,340
1185,600,820243741744159,2295927664,347,186368,345
1186,600,820244105183036,3233963625,347,175047,324
1187,601,820244461911587,151437371,312,164805,305
1188,601,820244821548927,4174651275,367,75088,139
1189,602,820245180242110,2543264083,347,106375,197
1190,602,820245534350689,3162923944,282,151280,280
1191,603,820245887112283,1014578411,317,82015,152
1192,603,820246243032721,3809297428,292,46923,87
1193,604,820246601680464,562603939,347,35070,65
1194,604,820246954299024,2643217979,317,40485,75
1195,605,820247309837105,1021210328,282,23760,44
1196,605,820247660783378,526510100,347,51762,96
1197,606,820248015880650,2415116968,222,28637,53
1198,606,820248367063060,52614330,242,103267,191
1199,607,820248728792685,3786440701,157,84006,155
1200,607,820249076974942,1796670603,197,105488,195
1201,608,820249430887892,129826453,157,53110,98
1202,608,820249782708574,2366583011,317,58959,109
1203,609,820250130763594,280693522,312,25389,47
1204,609,820250487729894,683370706,347,19397,36
1205,610,820250839561343,4253876031,327,167567,310
1206,610,820251191011648,1922951712,282,151361,280
1207,611,820251545437657,1958134027,312,145996,270
1208,611,820251909018063,4170829273,292,134045,248
1209,612,820252269867254,1734470479,352,52851,98
1210,612,820252621074389,2533764731,297,16181,30
1211,613,820252981409005,4071612314,142,23181,43
1212,613,820253335712715,2750043106,127,10779,20
1213,614,820253687380141,3404314220,142,14073,26
1214,614,820254039042193,2574960035,192,60400,112
1215,615,820254395063337,2816911762,262,140286,260
1216,615,820254757081635,4137234305,147,59326,110
1217,616,820255107757064,3083094082,147,48055,89
1218,616,820255459052487,3494599389,132,16226,30
1219,617,820255817970630,3029760966,142,22633,42
1220,617,820256172034428,3997470747,142,22635,42
1221,618,820256522774008,1973445052,132,24844,46
1222,618,820256880285587,3331150273,132,16731,31
1223,619,820257237826523,1774889030,147,16183,30
1224,619,820257592547167,1205958371,132,16735,31
1225,620,820257942970112,837929144,292,89002,165
1226,620,820258297929830,32477303,147,78234,145
1227,621,820258647856436,2128573208,132,64191,119
1228,621,820259002694961,1579052567,332,174779,324
1229,622,820259361178277,3546637094,187,80889,150
1230,622,820259713492782,2956851390,142,61480,114
1231,623,820260065186864,1985689458,157,18320,34
1232,623,820260420718155,2548101446,292,51233,95
1233,624,820260777892028,3741931126,292,39908,74
1234,624,820261130874421,4169152777,222,37853,70
1235,625,820261490056099,1183249878,252,45272,84
1236,625,820261845139363,431879519,272,86406,160
1237,626,820262200071988,107667284,142,75499,140
1238,626,820262563079658,2042742868,187,99756,185
1239,627,820262925431147,197436845,157,83518,155
1240,627,820263282706223,2947872689,282,47409,88
1241,628,820263640369242,946462292,352,88451,164
1242,628,820263993629087,3944673497,342,183337,340
1243,629,820264351761764,2682763782,332,133926,248
1244,629,820264708355724,1069730524,357,45303,84
1245,630,820265067813727,3037189587,262,27488,51
1246,630,820265419813929,2007511570,322,172594,320
1247,631,820265773978732,107498266,317,169956,315
1248,631,820266132351331,3628430506,302,161937,300
1249,632,820266484278881,3471999098,152,80860,150
1250,632,820266843694120,3443652541,292,156385,290
1251,633,820267206773048,2743181613,247,87939,163
1252,633,820267562066700,2693878973,177,51284,95
1253,634,820267916964746,1747313315,157,22683,42
1254,634,820268280890884,642356465,312,45802,85
1255,635,820268640752751,4254213838,322,34496,64
1256,635,820268995882542,674694744,277,27045,50
1257,636,820269351760736,140840510,357,45311,84
1258,636,820269701210463,1321795136,327,44270,82
1259,637,820270059094562,2982440391,267,22102,41
1260,637,820270414158957,637643859,282,151016,280
1261,638,820270776193517,569190190,247,132108,245
1262,638,820271139755059,2876420814,342,183401,340
1263,639,820271498032452,546504241,342,183519,340
1264,639,820271856764051,3117369549,357,183415,340
1265,640,820272213805329,3934278220,297,45861,85
1266,640,820272575446272,2900867337,362,76556,142
1267,641,820272936081342,3070638853,297,18917,35
1268,641,820273299050641,2616918573,282,14002,26
1269,642,820273651630675,2325953098,322,31829,59
1270,642,820274015033770,1388445607,322,52906,98
1271,643,820274378162532,2354703839,337,180691,335
1272,643,820274729821091,3296536984,307,164467,305
1273,644,820275092791217,1936809183,277,70760,131
1274,644,820275450546648,3306410400,332,58264,108
1275,645,820275810859952,1915933294,252,135099,250
1276,645,820276165940599,589239351,242,129676,240
1277,646,820276521601553,3903569986,357,129675,240
1278,646,820276882151352,784375395,297,156895,290
1279,647,820277240999230,3309219818,267,143254,265
1280,647,820277595979486,2608285751,277,140546,260
1281,648,820277959174577,1015796684,292,64291,119
1282,648,820278318433235,134581861,202,35730,66
1283,649,820278679520523,2758947735,312,57223,106
1284,649,820279036556039,804456931,342,22203,41
1285,650,820279398986328,4179645967,342,36680,68
1286,650,820279761551232,488244891,287,88576,164
1287,651,820280108830501,2548624690,267,129700,240
1288,651,820280457290583,3908526012,307,164691,305
1289,652,820280811655070,681523117,342,58770,109
1290,652,820281167864525,2677827734,307,34520,64
1291,653,820281518707404,469309416,277,40953,76
1292,653,820281877972470,1972244689,347,130383,242
1293,654,820282228831953,2135190830,252,35565,66
1294,654,820282583348863,980945569,242,30722,57
1295,655,820282943822566,3551990957,152,78141,145
1296,655,820283302965141,3336843056,142,75452,140
1297,656,820283660979964,697293173,142,75473,140
1298,656,820284016658805,1477479071,212,113253,210
1299,657,820284369900184,528875060,207,110512,205
1300,657,820284731827592,222325044,282,150922,280
1301,658,820285090214548,88745715,267,112662,209
1302,658,820285442687028,3201582967,222,26434,49
1303,659,820285794321010,245618101,247,33459,62
1304,659,820286154902014,544567578,202,17288,32
1305,660,820286513711645,4274537728,162,33065,61
1306,660,820286859373086,3806201450,122,64998,120
1307,661,820287210074197,1435269121,132,70388,130
1308,661,820287561790435,750495810,312,89703,166
1309,662,820287920695559,3314971827,232,61092,113
1310,662,820288276030016,726045241,322,44857,83
1311,663,820288638531083,124193660,252,45873,85
1312,663,820288985653391,1758088124,227,29725,55
1313,664,820289340271327,3600430739,142,50739,94
1314,664,820289699380338,1642814071,252,134795,250
1315,665,820290062924847,1148899877,162,86513,160
1316,665,820290423680289,2265064906,257,68158,126
1317,666,820290769585347,3792732886,252,28125,52
1318,666,820291130191198,2839486763,317,30293,56
1319,667,820291487068526,642537504,352,50716,94
1320,667,820291841020031,640705737,272,44331,82
1321,668,820292197017651,2651491746,342,115492,214
1322,668,820292560719081,364143613,357,191658,355
1323,669,820292914726780,2022593831,302,162087,300
1324,669,820293269967931,269623919,302,161837,300
1325,670,820293621630794,3131251400,182,97147,180
1326,670,820293967953205,137063509,292,143528,266
1327,671,820294324440783,668751084,152,34027,63
1328,671,820294682926331,4062169662,142,23233,43
1329,672,820295037095052,1507125690,127,19945,37
1330,672,820295392192927,1436979630,142,70073,130
1331,673,820295738925262,18064383,137,56639,105
1332,673,820296093896020,1691215909,142,13470,25
1333,674,820296448964110,1415892809,132,70120,130
1334,674,820296803880505,2580848405,142,75439,140
1335,675,820297154932367,2571670753,282,151037,280
1336,675,820297501659215,3770717764,307,164421,305
1337,676,820297858951084,3136852522,242,129313,240
1338,676,820298218981805,1792472085,327,175127,325
1339,677,820298570294771,3850790354,307,164397,305
1340,677,820298925864348,4261601417,197,94360,175
1341,678,820299281146605,3130530490,252,87318,162
1342,678,820299639782743,2007790790,147,7544,14
1343,679,820299990970442,3072159512,127,12934,24
1344,679,820300349981548,3289853883,147,59262,110
1345,680,820300714669146,669982419,137,72808,135
1346,680,820301072051334,1558153459,157,83494,155
1347,681,820301436683780,603112012,267,142914,265
1348,681,820301786360292,1452642589,272,145843,270
1349,682,820302144057152,4206040225,137,72857,135
1350,682,820302507979526,2176764549,317,169842,315
1351,683,820302865053620,2952916722,252,135202,250
1352,683,820303228424130,729740249,187,36236,67
1353,684,820303576039639,1378086376,252,10770,20
1354,684,820303929973215,1139098811,142,19392,36
1355,685,820304281131870,829250440,302,81397,151
1356,685,820304632154568,2547966085,152,80845,150
1357,686,820304983401842,3221552681,147,78262,145
1358,686,820305339021910,4290727424,137,17776,33
1359,687,820305693931244,1806814384,242,25868,48
1360,687,820306044277509,2846466397,287,32911,61
1361,688,820306395910636,773885733,337,43105,80
1362,688,820306750949187,275612315,262,54519,101
1363,689,820307098707516,1994091415,327,33960,63
1364,689,820307461791785,579642463,342,106894,198
1365,690,820307820954258,1721920201,237,126937,235
1366,690,820308181104802,3283114480,337,180651,335
1367,691,820308547018959,1269905010,332,177898,330
1368,691,820308899970316,29081662,347,186157,345
1369,692,820309253946320,155569421,257,137662,255
1370,692,820309605096372,3552674925,137,73018,135
1371,693,820309956027783,1305606506,147,56779,105
1372,693,820310313037822,3887475866,152,23782,44
1373,694,820310671847854,577342749,307,22714,42
1374,694,820311030551697,2081384512,337,172741,320
1375,695,820311387248489,3776429013,322,172673,320
1376,695,820311739474803,2298582974,312,160652,298
1377,696,820312096521944,855443786,357,36682,68
1378,696,820312452268210,1128342787,267,9165,17
1379,697,820312810411566,3607866051,262,24817,46
1380,697,820313158109854,3406057805,307,68435,127
1381,698,820313507971882,4276605120,317,44750,83
1382,698,820313871371242,1764300338,202,15632,29
1383,699,820314225958503,3835664565,282,67903,126
1384,699,820314578078685,1672399973,327,175215,325
1385,700,820314939183833,244443355,172,72268,134
1386,700,820315297085616,1409827430,137,28032,52
1387,701,820315648048843,525210964,127,19989,37
1388,701,820316009865608,2639716827,187,18336,34
1389,702,820316370054268,192666243,352,71244,132
1390,702,820316727966990,3442004401,217,12400,23
1391,703,820317087016735,2470146692,342,40462,75
1392,703,820317437973522,3216764662,192,62540,116
1393,704,820317804438600,299717582,337,180511,335
1394,704,820318158193929,3151176564,292,156307,290
1395,705,820318520973554,1404536790,287,153643,285
1396,705,820318879090743,1187887310,312,109984,204
1397,706,820319240731880,2925151670,297,56644,105
1398,706,820319601698338,3807652186,357,150420,279
1399,708,820321037213057,149331177,167,65391,121
1400,709,820321399340250,3848201456,327,175277,325
1401,709,820321755614177,1907175076,222,101033,187
1402,710,820322109050051,324104550,307,36693,68
1403,710,820322468104598,2340460149,147,43751,81
1404,711,820322822331140,1282590366,282,70722,131
1405,711,820323179970685,2173393426,197,17790,33
1406,712,820323542890209,3805086368,177,13508,25
1407,712,820323906728994,563352167,307,29717,55
1408,713,820324263773498,1338591131,242,8689,16
1409,713,820324623145772,3121213942,342,37832,70
1410,714,820324980694533,2506704741,212,26976,50
1411,714,820325341803417,877246369,292,29138,54
1412,715,820325703666749,4288139367,247,57323,106
1413,715,820326060863082,211467863,157,83813,155
1414,716,820326421135599,2191134702,157,69238,128
1415,716,820326777219278,1439745510,142,32444,60
1416,717,820327131011558,2758552395,122,30324,56
1417,717,820327486197879,3233170878,147,78423,145
1418,718,820327845872490,617021316,132,70347,130
1419,718,820328199912997,93820971,137,73050,135
1420,719,820328562839086,3228006290,152,81095,150
1421,719,820328917934527,2723568143,142,66839,124
1422,720,820329274054186,3529211570,147,27043,50
1423,720,820329629685007,587375171,277,31977,59
1424,721,820329985054038,86271320,147,32894,61
1425,721,820330335940990,2187168728,132,64155,119
1426,722,820330686487046,1473920081,137,72788,135
1427,722,820331041984592,3896245667,192,102385,190
1428,723,820331388070890,2298685981,127,67400,125
1429,723,820331743965869,1418078256,142,75432,140
1430,724,820332105903694,2405795093,137,72759,135
1431,724,820332460868856,3566491408,137,72774,135
1432,725,820332818962443,2600130267,137,72794,135
1433,725,820333174805471,3290501165,137,72735,135
1434,726,820333534094384,530397708,147,78121,145
1435,726,820333894492950,1038523447,142,75489,140
1436,727,820334246025728,1034157486,147,78128,145
1437,727,820334604046052,4036366020,132,70100,130
1438,728,820334962345316,2574469062,147,78146,145
1439,728,820335322350802,1799202,132,70133,130
1440,729,820335679472711,3328859629,137,67939,126
1441,729,820336034994899,3495260973,132,39942,74
1442,730,820336386132848,719207537,127,67428,125
1443,730,820336749045374,2697559491,142,75426,140
1444,731,820337106261039,3414517904,142,75443,140
1445,731,820337466063260,1849864410,137,72768,135
1446,732,820337819875524,1847000238,142,75448,140
1447,732,820338182639249,3079932514,147,78097,145
1448,733,820338537018354,4153616878,152,80767,150
1449,733,820338892036908,746957157,137,72872,135
1450,734,820339255052180,711634695,147,78107,145
1451,734,820339609626723,2362269456,147,78100,145
1452,735,820339965922435,2447918808,137,72763,135
1453,735,820340321367292,4286772096,147,78240,145
1454,736,820340671028051,3472149447,137,72748,135
1455,736,820341021990104,30298450,137,72770,135
1456,737,820341370608022,1659714249,137,72784,135
1457,737,820341722871259,374020704,142,75430,140
1458,738,820342073941030,3493366393,137,72745,135
1459,738,820342423011807,590926569,147,78108,145
1460,739,820342770898841,277850685,137,72750,135
1461,739,820343122267898,1039137728,137,72764,135
1462,740,820343482377901,3637437310,137,72776,135
1463,740,820343836575200,1271947996,142,75445,140
1464,741,820344191123603,1160805807,142,75453,140
1465,741,820344555094236,3194172738,137,72775,135
1466,742,820344911998593,1661796172,132,70134,130
1467,742,820345271037589,1909859093,132,70094,130
1468,743,820345627958838,4292837587,137,72770,135
1469,743,820345988068879,4241058022,147,78135,145
1470,744,820346345951870,2974439197,137,72782,135
1471,744,820346707046978,4148337305,152,80776,150
1472,745,820347055944293,3140097713,127,67396,125
1473,745,820347411116931,817686247,142,75437,140
1474,746,820347766585766,714348221,127,67416,125
1475,746,820348123257696,2086579214,152,80852,150
1476,747,820348480844133,2743587658,132,70102,130
1477,747,820348835850350,528987816,127,67447,125
1478,748,820349188138015,4125797259,132,70070,130
1479,748,820349548131438,3367711840,147,78124,145
1480,749,820349904509198,1954516525,127,67396,125
1481,749,820350263984022,642214739,142,75454,140
1482,750,820350618551187,4212165526,137,72759,135
1483,750,820350975626713,4255791225,147,78153,145
1484,751,820351331078434,1092036226,127,67443,125
1485,751,820351686043630,1609166349,127,67431,125
1486,752,820352037033438,1452673256,132,70077,130
1487,752,820352387991617,2923963600,107,56760,105
1488,753,820352750921304,2840805634,152,80803,150
1489,753,820353114318405,88901170,142,75463,140
1490,754,820353477719179,1507830772,147,78121,145
1491,754,820353837133422,1716653253,147,78145,145
1492,755,820354189287848,1021650382,137,72765,135
1493,755,820354548110753,1945906464,137,72804,135
1494,756,820354904211986,215371242,142,75406,140
1495,756,820355263094734,1751463938,172,91561,170
1496,757,820355620096109,380559578,152,80853,150
1497,757,820355972831942,3222733048,187,99664,185
1498,758,820356329777688,1203003674,192,102426,190
1499,758,820356684982829,3383874337,142,75475,140
1500,759,820357036673501,3019611627,197,105120,195
1501,759,820357390713462,2237487105,307,164429,305
1502,760,820357737876369,2358923434,147,78171,145
1503,760,820358089893655,1644585988,142,75435,140
1504,761,820358440889276,441237960,57,29650,55
1505,761,820358796894198,742041099,2,0,0
1506,762,820359155860768,1454014289,2,0,0
1507,762,820359512232653,2171973204,2,0,0
1508,763,820359870883922,2884631285,2,0,0
1509,763,820360225899158,3602013521,2,0,0
1510,764,820360584843926,17086200,2,0,0
1511,764,820360939879067,734995645,2,0,0
1512,765,820361294907805,1445058294,2,0,0
1513,765,820361646871588,2155048273,2,0,0
1514,766,820361998855868,2859043813,2,0,0
1515,766,820362353885067,3563050488,2,0,0
1516,767,820362713220285,4273043681,2,0,0
1517,767,820363066848062,696694691,2,0,0
1518,768,820363421881408,1404020471,2,0,0
1519,768,820363776870478,2114047096,2,0,0
1520,769,820364131894360,2824073963,2,0,0
1521,769,820364482945643,3534074487,2,0,0
1522,770,820364837847583,4236142669,2,0,0
1523,770,820365188852951,651154665,2,0,0
1524,771,820365539862399,1353111309,2,0,0
1525,771,820365889158149,2055118538,2,0,0
1526,772,820366242817269,2753703746,2,0,0
1527,772,820366601835692,3461070283,2,0,0
1528,773,820366960034278,4179083870,2,0,0
1529,773,820367311881033,600119668,2,0,0
1530,774,820367669857005,1304148657,2,0,0
1531,774,820368026867849,3368100811,3,540,1
1532,775,820368381842345,2734164655,2,0,0
1533,775,820368736856947,3444113435,2,0,0
1534,776,820369088433141,4154118075,2,0,0
1535,776,820369439846053,562030726,2,0,0
1536,777,820369790847625,1265140580,2,0,0
1537,777,820370147854504,1967147629,2,0,0
1538,778,820370506854770,2681131366,2,0,0
1539,778,820370865840826,3399132233,2,0,0
1540,779,820371220868397,4117147135,2,0,0
1541,779,820371575876463,532197740,2,0,0
1542,780,820371930855463,1242226927,2,0,0
1543,780,820372286210494,1952175318,2,0,0
1544,781,820372641848638,2662799397,2,0,0
1545,781,820372996977841,3374175605,2,0,0
1546,782,820373359868847,4084259456,2,0,0
1547,782,820373714857366,515205861,2,0,0
1548,783,820374069852602,1225200547,2,0,0
1549,783,820374420851794,1935210757,2,0,0
1550,784,820374775888506,2637211011,2,0,0
1551,784,820375126875201,3347198458,2,0,0
